recession_n,Pred
SFA_E1_1,1.038460E+00
SFA_E2_1,1.039793E+00
SFA_E3_1,1.038413E+00
SFA_E4_1,1.038259E+00
SFA_E4_2,1.038859E+00
SFA_E5_1,1.038228E+00
SFA_E5_2,1.040157E+00
SFA_E6_1,1.038348E+00
SFA_E7_1,1.037896E+00
SFA_E8_1,1.038340E+00
SFA_E9_1,1.038393E+00
SFA_E9_2,1.042768E+00
,
